title,views,likes,comments
What Happened to Albert Kesselring's Family After WW2?,1143,25,
The Disturbing Life of Hitler’s Failed Successor: Hermann Göring,361,15,
The Fate of Reinhard Heydrich's Family After the Fall of Nazi Germany,730,14,1.0
What Happened to Anne Frank's Diary After WW2?,681,21,1.0
What Happened to Alfred Rosenberg's Family After WW2?,2156,39,4.0
What Happened to Hitler's Personal Doctor After WW2?,2846,60,1.0
What Happened to Julius Streicher's Family After WW2?,3297,69,13.0
The Horrifying Crimes of Eva Braun,1476,45,4.0
What Happened to Dwight D. Eisenhower's Family After WW2?,419,15,
The Horrifying Crimes of Irma Grese,553,13,1.0
